Country Name,CO2 Per Capita (metric tons)
Aruba,25.547678795
Aruba,25.382489719
Aruba,24.975514501
Aruba,24.909065608
Aruba,24.510542626
Aruba,24.964530995
Aruba,24.766706337
Aruba,25.613714952
Aruba,24.750133212
Aruba,24.876705845
Aruba,24.182702245
Aruba,23.922412102
Andorra,8.018180706
Andorra,7.73765678
Andorra,7.484094812
Andorra,7.159140446
Andorra,7.208828523
Andorra,7.088127747
Andorra,6.553476545
Andorra,6.350868305
Andorra,6.296124556
Andorra,6.049172848
Andorra,6.12477049
Andorra,5.96868547
Afghanistan,0.03964437
Afghanistan,0.031434756
Afghanistan,0.041641211
Afghanistan,0.046107612
Afghanistan,0.040727366
Afghanistan,0.05485483
Afghanistan,0.065815968
Afghanistan,0.088141054
Afghanistan,0.158961558
Afghanistan,0.24907353
Afghanistan,0.302936388
Afghanistan,0.425262105
Angola,0.633625299
Angola,0.625351712
Angola,0.786223278
Angola,0.543083667
Angola,1.086604897
Angola,1.069417185
Angola,1.200877147
Angola,1.311096483
Angola,1.369424769
Angola,1.430873373
Angola,1.401654169
Angola,1.35400753
Albania,0.978174681
Albania,1.053304176
Albania,1.229540709
Albania,1.412697196
Albania,1.376212735
Albania,1.412498211
Albania,1.291547969
Albania,1.507535815
Albania,1.580113283
Albania,1.533178094
Albania,1.515632053
Albania,1.60703771
United Arab Emirates,36.904101074
United Arab Emirates,31.516099028
United Arab Emirates,24.956551446
United Arab Emirates,29.4670889
United Arab Emirates,28.481436992
United Arab Emirates,25.914587227
United Arab Emirates,23.954519164
United Arab Emirates,23.195066971
United Arab Emirates,23.033600468
United Arab Emirates,21.102295617
United Arab Emirates,20.120957283
United Arab Emirates,20.43383762
Argentina,3.806975725
Argentina,3.539532688
Argentina,3.253312671
Argentina,3.47503504
Argentina,4.032407013
Argentina,4.111634824
Argentina,4.404525042
Argentina,4.496833655
Argentina,4.744178401
Argentina,4.427960113
Argentina,4.342272052
Argentina,4.562048512
Armenia,1.126529454
Armenia,1.15760795
Armenia,0.998805808
Armenia,1.1291735
Armenia,1.20456698
Armenia,1.443730955
Armenia,1.459636908
Armenia,1.694755259
Armenia,1.868611029
Armenia,1.469960972
Armenia,1.422998378
Armenia,1.671656923
American Samoa,
American Samoa,
American Samoa,
American Samoa,
American Samoa,
American Samoa,
American Samoa,
American Samoa,
American Samoa,
American Samoa,
American Samoa,
American Samoa,
Antigua and Barbuda,4.439238615
Antigua and Barbuda,4.364812845
Antigua and Barbuda,4.536211421
Antigua and Barbuda,4.804484327
Antigua and Barbuda,4.980995619
Antigua and Barbuda,4.974311149
Antigua and Barbuda,5.096289552
Antigua and Barbuda,5.561524699
Antigua and Barbuda,5.628318688
Antigua and Barbuda,5.906292005
Antigua and Barbuda,6.011268671
Antigua and Barbuda,5.823804338
Australia,17.202524409
Australia,16.735067481
Australia,17.372317799
Australia,16.906198166
Australia,17.030341326
Australia,17.174386265
Australia,17.293873823
Australia,17.467002247
Australia,17.704079683
Australia,17.631833051
Australia,16.710904354
Australia,16.519209917
Austria,7.762359194
Austria,8.180002892
Austria,8.287318901
Austria,8.874662113
Austria,8.844004368
Austria,9.027746201
Austria,8.733506631
Austria,8.405092793
Austria,8.262046031
Austria,7.608851293
Austria,8.127692863
Austria,7.769983423
Azerbaijan,3.666271029
Azerbaijan,3.547105484
Azerbaijan,3.623944346
Azerbaijan,3.718169927
Azerbaijan,3.863229639
Azerbaijan,4.091801927
Azerbaijan,4.616299863
Azerbaijan,3.5553401
Azerbaijan,4.051383481
Azerbaijan,3.565668218
Azerbaijan,3.388225879
Azerbaijan,3.647379147
Burundi,0.042809203
Burundi,0.029561001
Burundi,0.029705089
Burundi,0.021800204
Burundi,0.025845471
Burundi,0.019411377
Burundi,0.022756803
Burundi,0.02196433
Burundi,0.021615102
Burundi,0.020867637
Burundi,0.020542078
Burundi,0.021349926
Belgium,11.207847238
Belgium,11.113039429
Belgium,10.364911493
Belgium,11.04114741
Belgium,10.64264053
Belgium,10.335095843
Belgium,10.122879329
Belgium,9.71371759
Belgium,9.699598963
Belgium,9.634775755
Belgium,10.012609694
Belgium,8.849398302
Benin,0.230065879
Benin,0.252987807
Benin,0.280412783
Benin,0.307110875
Benin,0.316583691
Benin,0.292647893
Benin,0.458607507
Benin,0.516298739
Benin,0.500183373
Benin,0.514277812
Benin,0.541771234
Benin,0.509962226
Burkina Faso,0.089716835
Burkina Faso,0.08351019
Burkina Faso,0.081747564
Burkina Faso,0.085214387
Burkina Faso,0.084722421
Burkina Faso,0.083875351
Burkina Faso,0.098340164
Burkina Faso,0.115429246
Burkina Faso,0.115427271
Burkina Faso,0.109774087
Burkina Faso,0.1076731
Burkina Faso,0.11998056
Bangladesh,0.212287044
Bangladesh,0.242619016
Bangladesh,0.247430419
Bangladesh,0.24446636
Bangladesh,0.282229562
Bangladesh,0.262742269
Bangladesh,0.332345776
Bangladesh,0.319840389
Bangladesh,0.334439662
Bangladesh,0.352155282
Bangladesh,0.370359878
Bangladesh,0.372017166
Bulgaria,5.328034342
Bulgaria,5.792010306
Bulgaria,5.672606662
Bulgaria,6.046861677
Bulgaria,6.012888437
Bulgaria,6.18991912
Bulgaria,6.357101164
Bulgaria,6.916687364
Bulgaria,6.778939404
Bulgaria,5.729715977
Bulgaria,5.966883548
Bulgaria,6.71438251
Bahrain,27.956644248
Bahrain,20.042317306
Bahrain,21.642107077
Bahrain,21.623693695
Bahrain,21.670994283
Bahrain,22.153905243
Bahrain,20.01475859
Bahrain,21.443295525
Bahrain,21.519995483
Bahrain,18.136233742
Bahrain,18.435024764
Bahrain,17.947329814
"Bahamas, The",5.600991638
"Bahamas, The",5.177430741
"Bahamas, The",5.100139082
"Bahamas, The",4.807931416
"Bahamas, The",5.343508847
"Bahamas, The",4.856024274
"Bahamas, The",4.531865599
"Bahamas, The",4.521353712
"Bahamas, The",2.99808943
"Bahamas, The",4.630520322
"Bahamas, The",6.829321287
"Bahamas, The",5.199844019
Bosnia and Herzegovina,3.635213155
Bosnia and Herzegovina,3.516694138
Bosnia and Herzegovina,3.755251294
Bosnia and Herzegovina,3.795422854
Bosnia and Herzegovina,4.080225109
Bosnia and Herzegovina,4.227205673
Bosnia and Herzegovina,4.575983248
Bosnia and Herzegovina,4.580386562
Bosnia and Herzegovina,5.231546645
Bosnia and Herzegovina,5.37188996
Bosnia and Herzegovina,5.513993843
Bosnia and Herzegovina,6.19665215
Belarus,5.34418061
Belarus,5.297721696
Belarus,5.310737861
Belarus,5.483469429
Belarus,5.964810791
Belarus,6.112425644
Belarus,6.437868284
Belarus,6.305628975
Belarus,6.592748741
Belarus,6.341938992
Belarus,6.556549631
Belarus,6.682510398
Belize,2.7875558
Belize,2.789916428
Belize,1.398540057
Belize,1.430654846
Belize,1.434471268
Belize,1.462766389
Belize,1.488235638
Belize,1.536093806
Belize,1.473195826
Belize,1.495185156
Belize,1.721708659
Belize,1.670904302
Bermuda,8.006161758
Bermuda,7.920213106
Bermuda,8.335150687
Bermuda,8.0491591
Bermuda,10.528098525
Bermuda,6.916279577
Bermuda,8.070207523
Bermuda,7.968299223
Bermuda,5.955019687
Bermuda,7.095328783
Bermuda,7.320035624
Bermuda,6.07721021
Bolivia,1.225922572
Bolivia,1.156244814
Bolivia,1.10560774
Bolivia,1.60366373
Bolivia,1.458991452
Bolivia,1.322472482
Bolivia,1.586749065
Bolivia,1.318203858
Bolivia,1.412189336
Bolivia,1.459841011
Bolivia,1.547659087
Bolivia,1.599499039
Brazil,1.865808376
Brazil,1.891238736
Brazil,1.835266279
Brazil,1.751490659
Brazil,1.815133482
Brazil,1.842690495
Brazil,1.823133072
Brazil,1.884034471
Brazil,1.990428942
Brazil,1.866522375
Brazil,2.113414545
Brazil,2.191393564
Barbados,4.403041825
Barbados,4.511171616
Barbados,4.525009301
Barbados,4.660168001
Barbados,4.739998755
Barbados,4.938170817
Barbados,4.986394706
Barbados,5.178740847
Barbados,5.871114076
Barbados,5.833678079
Barbados,5.430338453
Barbados,5.580177618
Brunei Darussalam,18.470673475
Brunei Darussalam,17.069020452
Brunei Darussalam,14.139045905
Brunei Darussalam,13.952259574
Brunei Darussalam,13.628827664
Brunei Darussalam,12.767506058
Brunei Darussalam,11.60411517
Brunei Darussalam,24.178409385
Brunei Darussalam,26.338271365
Brunei Darussalam,22.149028625
Brunei Darussalam,21.873222104
Brunei Darussalam,24.392013379
Bhutan,0.708458366
Bhutan,0.669271192
Bhutan,0.698568399
Bhutan,0.612679529
Bhutan,0.485668561
Bhutan,0.608197947
Bhutan,0.588329935
Bhutan,0.575767714
Bhutan,0.606778515
Bhutan,0.549145981
Bhutan,0.677145031
Bhutan,0.766205619
Botswana,2.462152312
Botswana,2.459187385
Botswana,2.510108738
Botswana,2.355629411
Botswana,2.385073131
Botswana,2.476794833
Botswana,2.450894169
Botswana,2.435256168
Botswana,2.530551369
Botswana,2.192294586
Botswana,2.555293381
Botswana,2.323345006
Central African Republic,0.071843143
Central African Republic,0.064745695
Central African Republic,0.063653562
Central African Republic,0.059819121
Central African Republic,0.053332885
Central African Republic,0.052442445
Central African Republic,0.055087916
Central African Republic,0.055850117
Central African Republic,0.054828457
Central African Republic,0.053809109
Central African Republic,0.059398336
Central African Republic,0.063127814
Canada,17.370451613
Canada,16.985029519
Canada,16.559377846
Canada,17.463861757
Canada,17.26361022
Canada,17.42608062
Canada,16.893608189
Canada,17.05189953
Canada,16.366164595
Canada,15.08909766
Canada,14.589053539
Canada,14.135813379
Switzerland,5.435484985
Switzerland,5.942384452
Switzerland,5.589533097
Switzerland,5.478264412
Switzerland,5.466042594
Switzerland,5.563281057
Switzerland,5.595605199
Switzerland,5.034944631
Switzerland,5.281605848
Switzerland,5.372291182
Switzerland,4.952499256
Switzerland,4.625229924
Channel Islands,
Channel Islands,
Channel Islands,
Channel Islands,
Channel Islands,
Channel Islands,
Channel Islands,
Channel Islands,
Channel Islands,
Channel Islands,
Channel Islands,
Channel Islands,
Chile,3.876961939
Chile,3.486635212
Chile,3.55976955
Chile,3.534984654
Chile,3.77389618
Chile,3.84046304
Chile,3.98128427
Chile,4.35156491
Chile,4.316439805
Chile,3.969434147
Chile,4.24672531
Chile,4.61644538
China,2.696862433
China,2.742120813
China,2.885225041
China,3.512245428
China,4.080138906
China,4.441150695
China,4.892727098
China,5.153564017
China,5.311151855
China,5.778143184
China,6.172488876
China,6.710301991
Cote d'Ivoire,0.411145743
Cote d'Ivoire,0.458120175
Cote d'Ivoire,0.423983154
Cote d'Ivoire,0.312160239
Cote d'Ivoire,0.430502632
Cote d'Ivoire,0.431561606
Cote d'Ivoire,0.378474934
Cote d'Ivoire,0.364908082
Cote d'Ivoire,0.356768972
Cote d'Ivoire,0.297496879
Cote d'Ivoire,0.292351513
Cote d'Ivoire,0.312877703
Cameroon,0.215493084
Cameroon,0.209262636
Cameroon,0.203680529
Cameroon,0.220421346
Cameroon,0.223952228
Cameroon,0.20391329
Cameroon,0.207631788
Cameroon,0.305805976
Cameroon,0.283310454
Cameroon,0.332458227
Cameroon,0.325727347
Cameroon,0.268091793
"Congo, Rep.",0.33730179
"Congo, Rep.",0.240713305
"Congo, Rep.",0.176770805
"Congo, Rep.",0.275171061
"Congo, Rep.",0.278308394
"Congo, Rep.",0.353815464
"Congo, Rep.",0.31028035
"Congo, Rep.",0.32666481
"Congo, Rep.",0.34155941
"Congo, Rep.",0.431598927
"Congo, Rep.",0.473472226
"Congo, Rep.",0.538098379
Colombia,1.433620205
Colombia,1.372902655
Colombia,1.33889957
Colombia,1.362245036
Colombia,1.28898988
Colombia,1.407985319
Colombia,1.435823423
Colombia,1.406899642
Colombia,1.451147307
Colombia,1.484764251
Colombia,1.711390678
Colombia,1.560629099
Comoros,0.153992361
Comoros,0.156730333
Comoros,0.159316196
Comoros,0.167954198
Comoros,0.170030255
Comoros,0.177827852
Comoros,0.190925098
Comoros,0.180694914
Comoros,0.181858212
Comoros,0.177475819
Comoros,0.188940811
Comoros,0.220233473
Cabo Verde,0.426262203
Cabo Verde,0.467230869
Cabo Verde,0.539506276
Cabo Verde,0.546869833
Cabo Verde,0.562968965
Cabo Verde,0.618610614
Cabo Verde,0.644052983
Cabo Verde,0.769548992
Cabo Verde,0.591177784
Cabo Verde,0.625391176
Cabo Verde,0.598231164
Cabo Verde,0.859061433
Costa Rica,1.394701499
Costa Rica,1.441367344
Costa Rica,1.556793302
Costa Rica,1.605990591
Costa Rica,1.655258048
Costa Rica,1.616889089
Costa Rica,1.647634719
Costa Rica,1.85890149
Costa Rica,1.880064504
Costa Rica,1.693682921
Costa Rica,1.665177867
Costa Rica,1.704974495
Cuba,2.346304827
Cuba,2.282447286
Cuba,2.332747256
Cuba,2.272494018
Cuba,2.224533836
Cuba,2.309408038
Cuba,2.430747165
Cuba,2.374571685
Cuba,2.696438401
Cuba,2.646355786
Cuba,3.392291813
Cuba,3.172315091
Curacao,
Curacao,
Curacao,
Curacao,
Curacao,
Curacao,
Curacao,
Curacao,
Curacao,
Curacao,
Curacao,
Curacao,
Cayman Islands,10.908192395
Cayman Islands,10.497218182
Cayman Islands,10.490724599
Cayman Islands,10.435718631
Cayman Islands,9.768536333
Cayman Islands,9.879624869
Cayman Islands,9.675461741
Cayman Islands,11.325815851
Cayman Islands,11.224449693
Cayman Islands,10.335285991
Cayman Islands,10.173449351
Cayman Islands,10.304931071
Cyprus,7.261794131
Cyprus,7.120558679
Cyprus,7.166472936
Cyprus,7.762732054
Cyprus,7.219733281
Cyprus,7.265914897
Cyprus,7.429896031
Cyprus,7.702824917
Cyprus,7.929771311
Cyprus,7.438338502
Cyprus,6.983907546
Cyprus,6.735375823
Czech Republic,12.060797969
Czech Republic,12.092917755
Czech Republic,11.724283499
Czech Republic,11.938436323
Czech Republic,11.40725261
Czech Republic,11.762450035
Czech Republic,11.931201432
Czech Republic,11.974295522
Czech Republic,11.240128968
Czech Republic,10.30516177
Czech Republic,10.61336839
Czech Republic,10.431088135
Germany,10.095639883
Germany,10.366286697
Germany,10.047114279
Germany,9.976374478
Germany,9.909703421
Germany,9.667572788
Germany,9.782471109
Germany,9.489020532
Germany,9.525658763
Germany,8.803954839
Germany,9.179816838
Germany,8.917832846
Djibouti,0.502424705
Djibouti,0.444582938
Djibouti,0.546021981
Djibouti,0.567019888
Djibouti,0.535018837
Djibouti,0.54175456
Djibouti,0.529872323
Djibouti,0.578051792
Djibouti,0.615968351
Djibouti,0.563399208
Djibouti,0.622346841
Djibouti,0.561940931
Dominica,1.473557313
Dominica,1.631883434
Dominica,1.470876429
Dominica,1.622612692
Dominica,1.564308567
Dominica,1.611479686
Dominica,1.556231433
Dominica,2.123695176
Dominica,1.81071091
Dominica,1.807803366
Dominica,1.906487557
Dominica,1.746141565
Denmark,9.613175554
Denmark,9.875092348
Denmark,9.68193193
Denmark,10.388273494
Denmark,9.362701019
Denmark,8.690076931
Denmark,10.11291416
Denmark,9.20201511
Denmark,8.547356106
Denmark,8.05955954
Denmark,8.394657734
Denmark,7.248328717
Dominican Republic,2.311300988
Dominican Republic,2.278507374
Dominican Republic,2.415109633
Dominican Republic,2.399070827
Dominican Republic,2.011351976
Dominican Republic,2.017778603
Dominican Republic,2.103236007
Dominican Republic,2.241251046
Dominican Republic,2.222311005
Dominican Republic,2.103476066
Dominican Republic,2.158413689
Dominican Republic,2.182907888
Algeria,2.819778007
Algeria,2.668327798
Algeria,2.840027912
Algeria,2.856410052
Algeria,2.727017138
Algeria,3.220154559
Algeria,2.990267154
Algeria,3.189978037
Algeria,3.205182841
Algeria,3.428471639
Algeria,3.309911831
Algeria,3.316037892
Ecuador,1.658318708
Ecuador,1.824262709
Ecuador,1.88875499
Ecuador,1.995802056
Ecuador,2.121270026
Ecuador,2.177469736
Ecuador,2.066175813
Ecuador,2.203997908
Ecuador,2.064521305
Ecuador,2.355257087
Ecuador,2.293303404
Ecuador,2.354017387
"Egypt, Arab Rep.",2.068140433
"Egypt, Arab Rep.",1.80246891
"Egypt, Arab Rep.",1.793764997
"Egypt, Arab Rep.",2.048004318
"Egypt, Arab Rep.",2.050540499
"Egypt, Arab Rep.",2.231160223
"Egypt, Arab Rep.",2.341757815
"Egypt, Arab Rep.",2.491357004
"Egypt, Arab Rep.",2.491853031
"Egypt, Arab Rep.",2.462249164
"Egypt, Arab Rep.",2.494817067
"Egypt, Arab Rep.",2.635115225
Eritrea,0.172190987
Eritrea,0.172564423
Eritrea,0.159706979
Eritrea,0.184824489
Eritrea,0.189441072
Eritrea,0.182856855
Eritrea,0.130342391
Eritrea,0.131490396
Eritrea,0.092069391
Eritrea,0.111761081
Eritrea,0.109470529
Eritrea,0.108718365
Spain,7.312740021
Spain,7.307637297
Spain,7.591280782
Spain,7.611166445
Spain,7.908050681
Spain,8.097058048
Spain,7.88419571
Spain,7.920890716
Spain,7.16545181
Spain,6.216973378
Spain,5.815786526
Spain,5.790764234
Estonia,10.867246248
Estonia,11.235200974
Estonia,10.828064668
Estonia,12.43984913
Estonia,12.635547319
Estonia,12.385962245
Estonia,12.020852979
Estonia,14.056085718
Estonia,13.081834431
Estonia,11.048963106
Estonia,13.773196643
Estonia,14.049882518
Ethiopia,0.087585994
Ethiopia,0.062999385
Ethiopia,0.063659604
Ethiopia,0.068295273
Ethiopia,0.070380123
Ethiopia,0.065960442
Ethiopia,0.068835709
Ethiopia,0.073120622
Ethiopia,0.076668381
Ethiopia,0.076906232
Ethiopia,0.07559157
Ethiopia,0.083943117
Finland,10.12847414
Finland,10.996742102
Finland,11.86067583
Finland,13.261096939
Finland,12.832674977
Finland,10.416438052
Finland,12.570638448
Finland,12.098481863
Finland,10.651652172
Finland,9.958628519
Finland,11.530840228
Finland,10.164046099
Fiji,1.066799142
Fiji,1.369132232
Fiji,1.024991081
Fiji,1.055250506
Fiji,1.384610591
Fiji,1.659881726
Fiji,1.644275372
Fiji,1.440917951
Fiji,1.278570124
Fiji,0.994392232
Fiji,1.505259596
Fiji,1.424813248
France,5.976826414
France,6.212048122
France,6.131021892
France,6.206664599
France,6.194114409
France,6.181610461
France,5.995893723
France,5.856547408
France,5.774521922
France,5.511405389
France,5.496706655
France,5.185043424
Faroe Islands,14.82859048
Faroe Islands,16.224283162
Faroe Islands,15.455618309
Faroe Islands,15.646030285
Faroe Islands,15.93254059
Faroe Islands,14.945052444
Faroe Islands,13.986083909
Faroe Islands,14.185394761
Faroe Islands,12.97012071
Faroe Islands,11.842902104
Faroe Islands,12.986678197
Faroe Islands,11.721211746
"Micronesia, Fed. Sts.",1.26295262
"Micronesia, Fed. Sts.",1.642399925
"Micronesia, Fed. Sts.",1.371058953
"Micronesia, Fed. Sts.",1.373202516
"Micronesia, Fed. Sts.",1.376307764
"Micronesia, Fed. Sts.",1.139484736
"Micronesia, Fed. Sts.",1.179769114
"Micronesia, Fed. Sts.",1.360991625
"Micronesia, Fed. Sts.",1.158310361
"Micronesia, Fed. Sts.",1.622550764
"Micronesia, Fed. Sts.",1.167845665
"Micronesia, Fed. Sts.",1.240335923
Gabon,0.854557841
Gabon,1.413926145
Gabon,1.37954238
Gabon,1.093345462
Gabon,1.374250106
Gabon,1.57828952
Gabon,1.478335179
Gabon,1.381898977
Gabon,1.39589453
Gabon,1.423082894
Gabon,1.455445622
Gabon,1.418165749
United Kingdom,9.199798297
United Kingdom,9.233237014
United Kingdom,8.877934874
United Kingdom,9.028317864
United Kingdom,8.987428516
United Kingdom,8.981481479
United Kingdom,8.8973241
United Kingdom,8.615489319
United Kingdom,8.4377732
United Kingdom,7.598999603
United Kingdom,7.841653312
United Kingdom,7.085732086
Georgia,1.026657085
Georgia,0.859400875
Georgia,0.777669956
Georgia,0.877317601
Georgia,1.018467138
Georgia,1.209497375
Georgia,1.486837282
Georgia,1.572983097
Georgia,1.592369727
Georgia,1.576312217
Georgia,1.663506623
Georgia,2.046895742
Ghana,0.334072085
Ghana,0.358645138
Ghana,0.375072777
Ghana,0.375812764
Ghana,0.352614883
Ghana,0.32693445
Ghana,0.42630423
Ghana,0.436236777
Ghana,0.395319087
Ghana,0.325052954
Ghana,0.415441052
Ghana,0.404379798
Guinea,0.145443687
Guinea,0.144947897
Guinea,0.145243067
Guinea,0.144600721
Guinea,0.141801846
Guinea,0.122119267
Guinea,0.119290573
Guinea,0.119193056
Guinea,0.191660762
Guinea,0.196768408
Guinea,0.225765923
Guinea,0.229423425
"Gambia, The",0.223804444
"Gambia, The",0.222838238
"Gambia, The",0.241162553
"Gambia, The",0.233541799
"Gambia, The",0.231368576
"Gambia, The",0.22401013
"Gambia, The",0.226764113
"Gambia, The",0.257764784
"Gambia, The",0.258833628
"Gambia, The",0.266259849
"Gambia, The",0.279410774
"Gambia, The",0.241098417
Guinea-Bissau,0.111505145
Guinea-Bissau,0.1118948
Guinea-Bissau,0.112225083
Guinea-Bissau,0.138652195
Guinea-Bissau,0.14085958
Guinea-Bissau,0.14539809
Guinea-Bissau,0.144756166
Guinea-Bissau,0.151256889
Guinea-Bissau,0.145619048
Guinea-Bissau,0.146971003
Guinea-Bissau,0.145854598
Guinea-Bissau,0.146810683
Equatorial Guinea,0.856491667
Equatorial Guinea,5.637356172
Equatorial Guinea,8.772418191
Equatorial Guinea,10.255341086
Equatorial Guinea,8.607938621
Equatorial Guinea,7.528919929
Equatorial Guinea,7.359918726
Equatorial Guinea,7.204040865
Equatorial Guinea,6.562117562
Equatorial Guinea,6.533815076
Equatorial Guinea,6.421061876
Equatorial Guinea,8.907241536
Greece,8.47843382
Greece,8.636014274
Greece,8.591970187
Greece,8.760745127
Greece,8.867967195
Greece,8.980839448
Greece,8.827796219
Greece,8.892293442
Greece,8.829327935
Greece,8.544324727
Greece,7.797370479
Greece,7.568519083
Grenada,1.876441645
Grenada,1.908226885
Grenada,2.011283056
Grenada,2.113420793
Grenada,2.000370165
Grenada,2.101514313
Grenada,2.237296507
Grenada,2.301012675
Grenada,2.505022418
Grenada,2.425962147
Grenada,2.487241705
Grenada,2.408137432
Greenland,9.461120996
Greenland,9.566086957
Greenland,9.522319772
Greenland,9.366951467
Greenland,10.244996574
Greenland,10.691525424
Greenland,11.04479163
Greenland,11.282079392
Greenland,11.718150831
Greenland,10.221738899
Greenland,11.663772955
Greenland,12.440341009
Guatemala,0.848306649
Guatemala,0.887301495
Guatemala,0.904184642
Guatemala,0.835281873
Guatemala,0.902390417
Guatemala,0.944599482
Guatemala,0.928571826
Guatemala,0.915844454
Guatemala,0.811036638
Guatemala,0.864736542
Guatemala,0.771619509
Guatemala,0.748055056
Guam,
Guam,
Guam,
Guam,
Guam,
Guam,
Guam,
Guam,
Guam,
Guam,
Guam,
Guam,
Guyana,2.168922069
Guyana,2.146426827
Guyana,2.126849835
Guyana,2.108728589
Guyana,2.193790574
Guyana,1.935991488
Guyana,1.735612911
Guyana,2.095040757
Guyana,2.083255358
Guyana,2.085662452
Guyana,2.282864015
Guyana,2.357722028
"Hong Kong SAR, China",6.07131958
"Hong Kong SAR, China",5.655360201
"Hong Kong SAR, China",5.479212793
"Hong Kong SAR, China",5.952582457
"Hong Kong SAR, China",5.663078352
"Hong Kong SAR, China",5.951097722
"Hong Kong SAR, China",5.622615683
"Hong Kong SAR, China",5.778084525
"Hong Kong SAR, China",5.543874932
"Hong Kong SAR, China",5.305811582
"Hong Kong SAR, China",5.166229891
"Hong Kong SAR, China",5.695268539
Honduras,0.805872102
Honduras,0.896705918
Honduras,0.937203579
Honduras,1.021577338
Honduras,1.090866136
Honduras,1.097939139
Honduras,1.00008677
Honduras,1.230602978
Honduras,1.194640242
Honduras,1.058414368
Honduras,1.080473355
Honduras,1.103745053
Croatia,4.438345911
Croatia,4.665514189
Croatia,4.927324775
Croatia,5.302283784
Croatia,5.191956522
Croatia,5.201658487
Croatia,5.219693694
Croatia,5.5005
Croatia,5.269158157
Croatia,4.866616935
Croatia,4.728821777
Croatia,4.801530011
Haiti,0.159990488
Haiti,0.180553862
Haiti,0.206702881
Haiti,0.193224572
Indonesia,1.245241619
Japan,9.613881066
Cambodia,0.162037088
Kiribati,0.391003009
"Korea, Rep.",9.52093176
Lao PDR,0.181878534
"Macao SAR, China",3.786653145
Marshall Islands,1.476332892
Myanmar,0.211620752
Mongolia,3.130987746
Northern Mariana Islands,
Malaysia,5.405598437
New Caledonia,10.782765089
New Zealand,8.527531171
Philippines,0.94065037
Palau,6.119954105
Papua New Guinea,0.496070655
"Korea, Dem. People’s Rep.",3.358066547
French Polynesia,2.65828792
Singapore,12.166624337
Solomon Islands,0.400195472
Thailand,3.004394232
Timor-Leste,
Tonga,0.973891193
Tuvalu,
Vietnam,0.691020496
Vanuatu,0.435939003
Samoa,0.798023068
Indonesia,1.375191469
Japan,9.45490681
Cambodia,0.180862682
Kiribati,0.298970393
"Korea, Rep.",9.506313358
Lao PDR,0.166291562
"Macao SAR, China",3.850413616
Marshall Islands,1.545952782
Myanmar,0.181007764
Mongolia,3.258236769
Northern Mariana Islands,
Malaysia,5.715353558
New Caledonia,8.774180486
New Zealand,8.893219173
Philippines,0.892559534
Palau,9.449082663
Papua New Guinea,0.582028122
"Korea, Dem. People’s Rep.",3.448915941
French Polynesia,3.05487077
Singapore,11.97221516
Solomon Islands,0.40692977
Thailand,3.187444917
Timor-Leste,
Tonga,0.894081313
Tuvalu,
Vietnam,0.777658384
Vanuatu,0.46494231
Samoa,0.81457791
Indonesia,1.411135411
Japan,9.547061619
Cambodia,0.174068505
Kiribati,0.461822928
"Korea, Rep.",9.777628886
Lao PDR,0.213928438
"Macao SAR, China",3.434370905
Marshall Islands,1.616936025
Myanmar,0.189111647
Mongolia,3.391614416
Northern Mariana Islands,
Malaysia,5.537623038
New Caledonia,10.960106551
New Zealand,8.408514119
Philippines,0.877524618
Palau,9.366538953
Papua New Guinea,0.616865701
"Korea, Dem. People’s Rep.",3.273761678
French Polynesia,3.008043847
Singapore,11.310231205
Solomon Islands,0.396302079
Thailand,3.367423073
Timor-Leste,0.180309934
Tonga,1.037078935
Tuvalu,
Vietnam,0.89022065
Vanuatu,0.434843806
Samoa,0.809849823
Indonesia,1.437952342
Japan,9.688100417
Cambodia,0.184469651
Kiribati,0.453775368
"Korea, Rep.",9.741365604
Lao PDR,0.202444057
"Macao SAR, China",3.408673023
Marshall Islands,1.618363235
Myanmar,0.200315418
Mongolia,3.254050453
Northern Mariana Islands,
Malaysia,6.444308539
New Caledonia,12.230508565
New Zealand,8.42721618
Philippines,0.862126962
Palau,9.679390863
Papua New Guinea,0.680811606
"Korea, Dem. People’s Rep.",3.316836376
French Polynesia,3.216459587
Singapore,7.566013727
Solomon Islands,0.402558967
Thailand,3.582350264
Timor-Leste,0.173598686
Tonga,1.178081642
Tuvalu,
Vietnam,0.978870449
Vanuatu,0.405472374
Samoa,0.846181554
Indonesia,1.512238393
Japan,9.856908399
Cambodia,0.186533458
Kiribati,0.485990392
"Korea, Rep.",10.039183575
Lao PDR,0.251426515
"Macao SAR, China",3.766323796
Marshall Islands,1.690056458
Myanmar,0.250788767
Mongolia,3.42520711
Northern Mariana Islands,
Malaysia,6.605572882
New Caledonia,11.179437312
New Zealand,8.503851498
Philippines,0.875524233
Palau,9.442918455
Papua New Guinea,0.755618136
"Korea, Dem. People’s Rep.",3.362292388
French Polynesia,3.130939474
Singapore,6.833825574
Solomon Islands,0.392457207
Thailand,3.858213428
Timor-Leste,0.18284831
Tonga,1.09761938
Tuvalu,
Vietnam,1.111901201
Vanuatu,0.269442158
Samoa,0.902424019
Indonesia,1.511534344
Japan,9.686111315
Cambodia,0.20840142
Kiribati,0.675183312
"Korea, Rep.",9.616547001
Lao PDR,0.249572499
"Macao SAR, China",3.924321103
Marshall Islands,1.620135234
Myanmar,0.232338857
Mongolia,3.422508368
Northern Mariana Islands,
Malaysia,6.875947332
New Caledonia,12.245535618
New Zealand,8.205266214
Philippines,0.868716929
Palau,9.578741146
Papua New Guinea,0.720519213
"Korea, Dem. People’s Rep.",3.486012537
French Polynesia,3.337769338
Singapore,7.116921432
Solomon Islands,0.382869599
Thailand,3.889368866
Timor-Leste,0.179754718
Tonga,1.127099486
Tuvalu,
Vietnam,1.191177164
Vanuatu,0.262710448
Samoa,0.937497221
Indonesia,1.505337668
Japan,9.62737359
Cambodia,0.221776426
Kiribati,0.739181175
"Korea, Rep.",9.72993278
Lao PDR,0.270683528
"Macao SAR, China",3.401542124
Marshall Islands,1.760272657
Myanmar,0.250435369
Mongolia,3.712170957
Northern Mariana Islands,
Malaysia,6.497627846
New Caledonia,11.812242366
New Zealand,8.018221574
Philippines,0.772811732
Palau,10.078203078
Papua New Guinea,0.690926208
"Korea, Dem. People’s Rep.",3.527647741
French Polynesia,3.300898999
Singapore,6.997632098
Solomon Islands,0.373782025
Thailand,3.992198458
Timor-Leste,0.1803952
Tonga,1.264395559
Tuvalu,
Vietnam,1.233275634
Vanuatu,0.222102639
Samoa,0.972077406
Indonesia,1.616659186
Japan,9.771475965
Cambodia,0.253749445
Kiribati,0.533049528
"Korea, Rep.",10.199581741
Lao PDR,0.158048796
"Macao SAR, China",3.131314627
Marshall Islands,1.899052478
Myanmar,0.249246107
Mongolia,3.892192769
Northern Mariana Islands,
Malaysia,7.037791323
New Caledonia,12.325560272
New Zealand,7.96637909
Philippines,0.783104987
Palau,10.389651059
Papua New Guinea,0.958160743
"Korea, Dem. People’s Rep.",2.918459295
French Polynesia,3.239386851
Singapore,3.965405127
Solomon Islands,0.387510034
Thailand,3.994687144
Timor-Leste,0.180962382
Tonga,1.112636906
Tuvalu,
Vietnam,1.352790931
Vanuatu,0.433459419
Samoa,1.026223949
Indonesia,1.752149102
Japan,9.4229613
Cambodia,0.285282402
Kiribati,0.558783791
"Korea, Rep.",10.369832656
Lao PDR,0.161954988
"Macao SAR, China",2.638524742
Marshall Islands,1.895961395
Myanmar,0.176918537
Mongolia,3.81388549
Northern Mariana Islands,
Malaysia,7.656532739
New Caledonia,13.531309525
New Zealand,8.044536128
Philippines,0.841040935
Palau,10.333662926
Papua New Guinea,0.73337006
"Korea, Dem. People’s Rep.",3.220672403
French Polynesia,3.306029055
Singapore,4.927577946
Solomon Islands,0.378784688
Thailand,3.984059667
Timor-Leste,0.185016931
Tonga,1.17696662
Tuvalu,
Vietnam,1.497496085
Vanuatu,0.406838707
Samoa,1.039489751
Indonesia,1.90009103
Japan,8.598621998
Cambodia,0.292181175
Kiribati,0.401099775
"Korea, Rep.",10.346506096
Lao PDR,0.160311795
"Macao SAR, China",2.792069505
Marshall Islands,1.962424266
Myanmar,0.202232171
Mongolia,4.140116094
Northern Mariana Islands,
Malaysia,7.373235988
New Caledonia,11.570829865
New Zealand,7.511955097
Philippines,0.816054812
Palau,10.274233189
Papua New Guinea,0.760922609
"Korea, Dem. People’s Rep.",3.08670211
French Polynesia,3.288268805
Singapore,4.778242444
Solomon Islands,0.377551397
Thailand,4.198511915
Timor-Leste,0.174891045
Tonga,1.276514272
Tuvalu,
Vietnam,1.636370776
Vanuatu,0.508462532
Samoa,1.072106118
Indonesia,1.80860092
Japan,9.127185047
Cambodia,0.291550731
Kiribati,0.607308472
"Korea, Rep.",11.469587475
Lao PDR,0.203248951
"Macao SAR, China",2.242893163
Marshall Islands,1.958419165
Myanmar,0.173734652
Mongolia,4.243335224
Northern Mariana Islands,
Malaysia,7.986951475
New Caledonia,15.680092
New Zealand,7.297420185
Philippines,0.878135471
Palau,10.569272106
Papua New Guinea,0.681184727
"Korea, Dem. People’s Rep.",2.958833707
French Polynesia,3.296763845
Singapore,2.655230176
Solomon Islands,0.376333439
Thailand,4.470426149
Timor-Leste,0.171932157
Tonga,1.128882988
Tuvalu,
Vietnam,1.76169543
Vanuatu,0.496591183
Samoa,1.103870902
Indonesia,2.303780983
Japan,9.291834303
Cambodia,0.308073152
Kiribati,0.595622098
"Korea, Rep.",11.840756867
Lao PDR,0.188910506
"Macao SAR, China",2.133060902
Marshall Islands,1.954207191
Myanmar,0.200285212
Mongolia,6.915146531
Northern Mariana Islands,
Malaysia,7.898823573
New Caledonia,15.173295276
New Zealand,7.124050867
Philippines,0.867845343
Palau,10.855430457
Papua New Guinea,0.746895234
"Korea, Dem. People’s Rep.",2.987182112
French Polynesia,3.167952684
Singapore,4.320161437
Solomon Islands,0.368304169
Thailand,4.534491734
Timor-Leste,0.16364808
Tonga,0.983561959
Tuvalu,
Vietnam,1.971433571
Vanuatu,0.591265773
Samoa,1.252110076
Hungary,5.465860201
Isle of Man,
Ireland,10.836670018
Iceland,7.693782116
Italy,7.912673166
Kazakhstan,8.584553321
Kyrgyz Republic,0.924535563
Kosovo,
Liechtenstein,
Lithuania,3.4862076
Luxembourg,18.885512262
Latvia,2.636157209
Monaco,
Moldova,0.965214233
Montenegro,
Netherlands,10.383089763
Norway,8.624168024
Poland,7.822510786
Portugal,6.119210997
Romania,4.009474191
Russian Federation,10.628571359
San Marino,
Serbia,
Slovak Republic,6.659329488
Slovenia,7.23840366
Sweden,5.562430083
Tajikistan,0.36159312
Turkmenistan,7.856311088
Turkey,3.417943997
Ukraine,6.523008856
Uzbekistan,4.91102258
Hungary,5.590715986
Isle of Man,
Ireland,11.387282693
Iceland,7.373427894
Italy,7.904432663
Kazakhstan,9.954577347
Kyrgyz Republic,0.764529939
Kosovo,
Liechtenstein,
Lithuania,3.722131498
Luxembourg,19.932733141
Latvia,2.932445222
Monaco,
Moldova,1.022913361
Montenegro,
Netherlands,10.473891231
Norway,9.111949684
Poland,7.876824602
Portugal,6.066300051
Romania,4.322797745
Russian Federation,10.672994678
San Marino,
Serbia,
Slovak Republic,7.317137791
Slovenia,7.611741112
Sweden,5.747026066
Tajikistan,0.364344122
Turkmenistan,8.618545082
Turkey,3.031232765
Ukraine,6.606930345
Uzbekistan,4.935025566
Hungary,5.52182927
Isle of Man,
Ireland,11.093477354
Iceland,7.550227286
Italy,7.932323042
Kazakhstan,10.225879517
Kyrgyz Republic,0.971361532
Kosovo,
Liechtenstein,
Lithuania,3.837334853
Luxembourg,21.105745503
Latvia,2.879411196
Monaco,
Moldova,1.100182387
Montenegro,
Netherlands,10.652489958
Norway,8.26217746
Poland,7.711753228
Portugal,6.412902146
Romania,4.241675478
Russian Federation,10.719863136
San Marino,
Serbia,
Slovak Republic,7.300020532
Slovenia,7.731011817
Sweden,6.434228598
Tajikistan,0.293633921
Turkmenistan,8.727930825
Turkey,3.158284495
Ukraine,6.611440672
Uzbekistan,5.067983112
Hungary,5.83089647
Isle of Man,
Ireland,10.809633429
Iceland,7.485457013
Italy,8.17175128
Kazakhstan,10.316976074
Kyrgyz Republic,1.056481074
Kosovo,
Liechtenstein,
Lithuania,3.781659885
Luxembourg,21.93071098
Latvia,3.098098957
Monaco,
Moldova,1.187528267
Montenegro,
Netherlands,10.773660176
Norway,9.339298181
Poland,7.911134034
Portugal,5.858745455
Romania,4.446939432
Russian Federation,11.095667008
San Marino,
Serbia,
Slovak Republic,7.349868072
Slovenia,7.772287175
Sweden,6.115194532
Tajikistan,0.317704421
Turkmenistan,9.054611238
Turkey,3.307954341
Ukraine,7.36744656
Uzbekistan,4.833369512
Hungary,5.684910755
Isle of Man,
Ireland,10.766051424
Iceland,7.64601779
Italy,8.216487201
Kazakhstan,11.467294212
Kyrgyz Republic,1.121356201
Kosovo,
Liechtenstein,
Lithuania,3.947068099
Luxembourg,24.599026403
Latvia,3.151538008
Monaco,
Moldova,1.263730162
Montenegro,
Netherlands,10.852052961
Norway,9.287466436
Poland,7.973580165
Portugal,6.025936055
Romania,4.447221364
Russian Federation,11.12645581
San Marino,
Serbia,
Slovak Republic,7.212801455
Slovenia,7.884828934
Sweden,6.062241404
Tajikistan,0.38448718
Turkmenistan,9.206388246
Turkey,3.365828062
Ukraine,7.231049259
Uzbekistan,4.652166824
Hungary,5.751848927
Isle of Man,
Ireland,10.459981144
Iceland,7.427079472
Italy,8.166090128
Kazakhstan,11.681988461
Kyrgyz Republic,1.016440747
Kosovo,
Liechtenstein,
Lithuania,4.211634033
Luxembourg,24.824646679
Latvia,3.205432466
Monaco,
Moldova,1.361666306
Montenegro,3.34904381
Netherlands,10.540688013
Norway,9.179216926
Poland,7.929044401
Portugal,6.217958495
Romania,4.487669353
Russian Federation,11.257693434
San Marino,
Serbia,
Slovak Republic,7.325390806
Slovenia,7.931674693
Sweden,5.710313512
Tajikistan,0.358851867
Turkmenistan,9.584880616
Turkey,3.498208379
Ukraine,7.087746223
Uzbekistan,4.313738449
Hungary,5.698187039
Isle of Man,
Ireland,10.130263284
Iceland,7.496188056
Italy,8.072145596
Kazakhstan,12.577156488
Kyrgyz Republic,0.991517898
Kosovo,
Liechtenstein,
Lithuania,4.371365075
Luxembourg,24.012857648
Latvia,3.418456092
Monaco,
Moldova,1.393071924
Montenegro,3.875533515
Netherlands,10.223163126
Norway,9.495835691
Poland,8.364404885
Portugal,5.617444894
Romania,4.840827017
Russian Federation,11.671608612
San Marino,
Serbia,7.25427423
Slovak Republic,7.277962961
Slovenia,8.094608116
Sweden,5.459003216
Tajikistan,0.382552666
Turkmenistan,9.722724787
Turkey,3.807813745
Ukraine,6.977980583
Uzbekistan,4.436684794
Hungary,5.572459521
Isle of Man,
Ireland,10.165034683
Iceland,7.414833454
Italy,7.917347216
Kazakhstan,14.221171502
Kyrgyz Republic,1.120619163
Kosovo,
Liechtenstein,1.966441816
Lithuania,4.564324385
Luxembourg,22.964922405
Latvia,3.779785259
Monaco,
Moldova,1.30813803
Montenegro,3.655836006
Netherlands,10.468447345
Norway,9.57484966
Poland,8.250051626
Portugal,5.773031758
Romania,4.866509869
Russian Federation,11.677438174
San Marino,
Serbia,7.078578039
Slovak Republic,6.843273815
Slovenia,8.049468764
Sweden,5.253521937
Tajikistan,0.463345439
Turkmenistan,11.535621682
Turkey,4.094888791
Ukraine,6.910708277
Uzbekistan,4.391446777
Hungary,5.463501182
Isle of Man,
Ireland,9.527000515
Iceland,6.677481144
Italy,7.60176497
Kazakhstan,14.659577645
Kyrgyz Republic,1.069343449
Kosovo,
Liechtenstein,1.95047731
Lithuania,4.598897641
Luxembourg,22.385472219
Latvia,3.629405756
Monaco,
Moldova,1.337336013
Montenegro,4.457679397
Netherlands,10.529451507
Norway,10.554461085
Poland,8.273068216
Portugal,5.24374293
Romania,4.658143211
Russian Federation,12.019130643
San Marino,
Serbia,7.058387624
Slovak Republic,7.010558568
Slovenia,8.532016271
Sweden,5.326109585
Tajikistan,0.409462437
Turkmenistan,11.557571762
Turkey,4.055396583
Ukraine,6.724046202
Uzbekistan,4.434466025
Hungary,4.867185924
Isle of Man,
Ireland,8.891436541
Iceland,6.447492771
Italy,6.795651486
Kazakhstan,13.309727808
Kyrgyz Republic,1.180486133
Kosovo,
Liechtenstein,1.527746917
Lithuania,3.925637608
Luxembourg,20.877125173
Latvia,3.443266443
Monaco,
Moldova,1.276290637
Montenegro,2.953556075
Netherlands,10.24561928
Norway,10.81860557
Poland,7.81735027
Portugal,5.158593379
Romania,3.997649195
Russian Federation,11.026116238
San Marino,
Serbia,6.300834457
Slovak Republic,6.319073237
Slovenia,7.547335376
Sweden,4.704368708
Tajikistan,0.382774553
Turkmenistan,10.110660861
Turkey,3.898959122
Ukraine,5.64701422
Uzbekistan,3.912053019
Hungary,5.074749628
Isle of Man,
Ireland,8.810150532
Iceland,6.168528586
Italy,6.83837457
Kazakhstan,15.146478273
Kyrgyz Republic,1.129467501
Kosovo,
Liechtenstein,1.617377881
Lithuania,4.319017771
Luxembourg,21.635135802
Latvia,3.963228139
Monaco,
Moldova,1.385659642
Montenegro,4.167664361
Netherlands,10.949316279
Norway,11.616193234
Poland,8.334872118
Portugal,4.690094769
Romania,3.918410158
Russian Federation,12.198437426
San Marino,
Serbia,6.292016689
Slovak Republic,6.721959562
Slovenia,7.530604813
Sweden,5.606000495
Tajikistan,0.373872943
Turkmenistan,11.358111025
Turkey,4.121154855
Ukraine,6.638152001
Uzbekistan,3.693267688
Hungary,4.862989931
Isle of Man,
Ireland,7.880759326
Iceland,5.896828979
Italy,6.702557614
Kazakhstan,15.810097544
Kyrgyz Republic,1.199591629
Kosovo,
Liechtenstein,1.405096204
Lithuania,4.537558514
Luxembourg,20.897811698
Latvia,3.786801437
Monaco,
Moldova,1.398821793
Montenegro,4.145547583
Netherlands,10.06448974
Norway,9.192879069
Poland,8.335786706
Portugal,4.709849624
Romania,4.210560124
Russian Federation,12.647328233
San Marino,
Serbia,6.799114997
Slovak Republic,6.367545917
Slovenia,7.504259702
Sweden,5.518421481
Tajikistan,0.35894763
Turkmenistan,12.183666584
Turkey,4.383104516
Ukraine,6.262351962
Uzbekistan,3.914921266
Jamaica,3.985086057
St. Kitts and Nevis,2.254435271
St. Lucia,2.102784981
St. Martin (French part),
Mexico,3.720588299
Nicaragua,0.748457863
Panama,1.911742827
Peru,1.169087406
Puerto Rico,
Paraguay,0.695683315
El Salvador,0.988073648
Suriname,4.424036559
Sint Maarten (Dutch part),
Turks and Caicos Islands,0.777071413
Trinidad and Tobago,18.844281456
Uruguay,1.597639979
St. Vincent and the Grenadines,1.359444656
"Venezuela, RB",6.226034565
Virgin Islands (U.S.),
Jamaica,4.078579006
St. Kitts and Nevis,3.967240782
St. Lucia,2.288263473
St. Martin (French part),
Mexico,3.795452375
Nicaragua,0.77714591
Panama,2.270130717
Peru,1.03441455
Puerto Rico,
Paraguay,0.706728134
El Salvador,1.017645958
Suriname,4.695359451
Sint Maarten (Dutch part),
Turks and Caicos Islands,0.726642227
Trinidad and Tobago,19.761831933
Uruguay,1.529797226
St. Vincent and the Grenadines,1.663900953
"Venezuela, RB",6.920040571
Virgin Islands (U.S.),
Jamaica,3.93866406
St. Kitts and Nevis,4.218983701
St. Lucia,2.036993347
St. Martin (French part),
Mexico,3.711551504
Nicaragua,0.780659918
Panama,1.866891827
Peru,1.022016646
Puerto Rico,
Paraguay,0.707622696
El Salvador,1.028130666
Suriname,4.645294496
Sint Maarten (Dutch part),
Turks and Caicos Islands,4.554231831
Trinidad and Tobago,21.304551431
Uruguay,1.388443312
St. Vincent and the Grenadines,1.729237171
"Venezuela, RB",7.611158613
Virgin Islands (U.S.),
Jamaica,4.085163419
St. Kitts and Nevis,4.614416644
St. Lucia,2.221503768
St. Martin (French part),
Mexico,3.797591662
Nicaragua,0.841729703
Panama,1.921375446
Peru,0.979310103
Puerto Rico,
Paraguay,0.725821637
El Salvador,1.110491077
Suriname,4.609684173
Sint Maarten (Dutch part),
Turks and Caicos Islands,4.385614215
Trinidad and Tobago,21.729807671
Uruguay,1.382717957
St. Vincent and the Grenadines,1.827509829
"Venezuela, RB",7.429284937
Virgin Islands (U.S.),
Haiti,0.217948715
Jamaica,4.067723683
St. Kitts and Nevis,4.695068561
St. Lucia,2.176034797
St. Martin (French part),
Mexico,3.803581325
Nicaragua,0.833581276
Panama,1.780298539
Peru,1.16948433
Puerto Rico,
Paraguay,0.716846064
El Salvador,1.074399389
Suriname,4.69886085
Sint Maarten (Dutch part),
Turks and Caicos Islands,4.102937063
Trinidad and Tobago,23.876765063
Uruguay,1.687830315
St. Vincent and the Grenadines,2.026657333
"Venezuela, RB",5.766145054
Virgin Islands (U.S.),
Haiti,0.22405596
Jamaica,4.026818344
St. Kitts and Nevis,4.776002768
St. Lucia,2.216955752
St. Martin (French part),
Mexico,3.967619346
Nicaragua,0.803023501
Panama,2.060359997
Peru,1.344989603
Puerto Rico,
Paraguay,0.661206044
El Salvador,1.085202026
Suriname,4.852076935
Sint Maarten (Dutch part),
Turks and Caicos Islands,4.575085066
Trinidad and Tobago,22.755235621
Uruguay,1.736682435
St. Vincent and the Grenadines,2.023191018
"Venezuela, RB",6.167393804
Virgin Islands (U.S.),
Haiti,0.224474915
Jamaica,4.530808785
St. Kitts and Nevis,4.710907704
St. Lucia,2.187216682
St. Martin (French part),
Mexico,3.99784272
Nicaragua,0.819491407
Panama,2.181575209
Peru,1.254522601
Puerto Rico,
Paraguay,0.67757378
El Salvador,1.147251739
Suriname,4.939088986
Sint Maarten (Dutch part),
Turks and Caicos Islands,5.173757326
Trinidad and Tobago,35.630491252
Uruguay,1.995853849
St. Vincent and the Grenadines,2.020237264
"Venezuela, RB",6.227287358
Virgin Islands (U.S.),
Haiti,0.250172074
Jamaica,5.062906364
St. Kitts and Nevis,4.941167146
St. Lucia,2.262968274
St. Martin (French part),
Mexico,4.055762037
Nicaragua,0.834055188
Panama,2.093510117
Peru,1.527183943
Puerto Rico,
Paraguay,0.693306247
El Salvador,1.165689677
Suriname,4.897112104
Sint Maarten (Dutch part),
Turks and Caicos Islands,5.762099309
Trinidad and Tobago,36.816762904
Uruguay,1.796305712
St. Vincent and the Grenadines,2.084879274
"Venezuela, RB",5.868518021
Virgin Islands (U.S.),
Haiti,0.250131013
Jamaica,4.476814921
St. Kitts and Nevis,4.880433719
St. Lucia,2.292817072
St. Martin (French part),
Mexico,4.126988108
Nicaragua,0.790487627
Panama,2.107748953
Peru,1.441345465
Puerto Rico,
Paraguay,0.719800679
El Salvador,1.090169563
Suriname,4.84197988
Sint Maarten (Dutch part),
Turks and Caicos Islands,6.094874665
Trinidad and Tobago,35.455297817
Uruguay,2.471053756
St. Vincent and the Grenadines,2.11625521
"Venezuela, RB",6.6048923
Virgin Islands (U.S.),
Haiti,0.229630548
Jamaica,3.204231319
St. Kitts and Nevis,5.034263395
St. Lucia,2.197738533
St. Martin (French part),
Mexico,3.857149599
Nicaragua,0.803730282
Panama,2.415888235
Peru,1.771065546
Puerto Rico,
Paraguay,0.737248172
El Salvador,1.070009174
Suriname,4.829500002
Sint Maarten (Dutch part),
Turks and Caicos Islands,5.940523027
Trinidad and Tobago,36.569447891
Uruguay,2.401221496
St. Vincent and the Grenadines,2.114511922
"Venezuela, RB",6.525292813
Virgin Islands (U.S.),
Haiti,0.211960718
Jamaica,2.672410756
St. Kitts and Nevis,4.973200642
St. Lucia,2.273826502
St. Martin (French part),
Mexico,3.752090816
Nicaragua,0.805909906
Panama,2.449051597
Peru,1.969722449
Puerto Rico,
Paraguay,0.817267073
El Salvador,1.044537988
Suriname,4.621427372
Sint Maarten (Dutch part),
Turks and Caicos Islands,6.152486045
Trinidad and Tobago,38.337841043
Uruguay,1.912604677
St. Vincent and the Grenadines,2.146876944
"Venezuela, RB",6.811756484
Virgin Islands (U.S.),
Haiti,0.217962048
Jamaica,2.872655693
St. Kitts and Nevis,5.050964187
St. Lucia,2.270423588
St. Martin (French part),
Mexico,3.876107611
Nicaragua,0.843541955
Panama,2.625276244
Peru,1.783233144
Puerto Rico,
Paraguay,0.841915242
El Salvador,1.103998574
Suriname,3.649913361
Sint Maarten (Dutch part),
Turks and Caicos Islands,6.010149084
Trinidad and Tobago,37.140054241
Uruguay,2.296200685
St. Vincent and the Grenadines,2.179923359
"Venezuela, RB",6.416333581
Virgin Islands (U.S.),
"Iran, Islamic Rep.",5.659871345
Iraq,3.073001789
Israel,9.582362538
Jordan,3.232800292
Kuwait,27.759022944
Lebanon,4.724037362
Libya,8.827297282
Morocco,1.171137629
Malta,5.413532514
Oman,9.777452741
West Bank and Gaza,0.271057676
Qatar,58.522169405
Saudi Arabia,13.880494373
Syrian Arab Republic,3.121447409
Tunisia,2.085612248
"Yemen, Rep.",0.822617805
"Iran, Islamic Rep.",5.969319787
Iraq,3.517985725
Israel,9.877379717
Jordan,3.254583689
Kuwait,28.965294354
Lebanon,4.822939246
Libya,8.860971652
Morocco,1.289361626
Malta,6.325824114
Oman,8.926479408
West Bank and Gaza,0.450151178
Qatar,49.473310304
Saudi Arabia,13.504855862
Syrian Arab Republic,2.92228095
Tunisia,2.157125878
"Yemen, Rep.",0.887790298
"Iran, Islamic Rep.",5.940885769
Iraq,3.498262353
Israel,9.104987976
Jordan,3.351833069
Kuwait,28.51232265
Lebanon,4.551947263
Libya,8.667885511
Morocco,1.295188033
Malta,5.806537886
Oman,10.963734981
West Bank and Gaza,0.375598342
Qatar,44.896166069
Saudi Arabia,14.399397179
Syrian Arab Republic,2.298465641
Tunisia,2.139888911
"Yemen, Rep.",0.837104492
"Iran, Islamic Rep.",6.112766056
Iraq,3.555056635
Israel,9.401973781
Jordan,3.382956623
Kuwait,28.5890492
Lebanon,4.921743397
Libya,8.765498472
Morocco,1.259902656
Malta,6.476880542
Oman,13.580541912
West Bank and Gaza,0.405640436
Qatar,54.113310335
Saudi Arabia,14.011216682
Syrian Arab Republic,3.137147741
Tunisia,2.159251001
"Yemen, Rep.",0.893184798
"Iran, Islamic Rep.",6.455102946
Iraq,4.334412605
Israel,8.677687032
Jordan,3.637192628
Kuwait,29.327956225
Lebanon,4.357757196
Libya,8.82990235
Morocco,1.439231055
Malta,6.415248662
Oman,11.431505837
West Bank and Gaza,0.576681705
Qatar,60.637815259
Saudi Arabia,16.454994234
Syrian Arab Republic,2.892196561
Tunisia,2.245079437
"Yemen, Rep.",0.947308139
"Iran, Islamic Rep.",6.693014451
Iraq,4.201798657
Israel,8.230259015
Jordan,3.891994271
Kuwait,31.607488324
Lebanon,4.07458241
Libya,8.981760542
Morocco,1.506360785
Malta,6.683221324
Oman,11.92448495
West Bank and Gaza,0.826080986
Qatar,61.989757732
Saudi Arabia,16.069446354
Syrian Arab Republic,2.792388308
Tunisia,2.259653006
"Yemen, Rep.",0.977538317
"Iran, Islamic Rep.",7.189315694
Iraq,3.563542432
Israel,8.872604307
Jordan,3.815375723
Kuwait,30.872191146
Lebanon,3.572961427
Libya,9.227794152
Morocco,1.545229558
Malta,6.351303206
Oman,15.510289123
West Bank and Gaza,0.665291777
Qatar,57.398896047
Saudi Arabia,17.023568259
Syrian Arab Republic,2.861435589
Tunisia,2.270173481
"Yemen, Rep.",0.985853021
"Iran, Islamic Rep.",7.266882331
Iraq,2.186766827
Israel,8.750116433
Jordan,3.892422364
Kuwait,29.636849339
Lebanon,3.309380466
Libya,8.84546264
Morocco,1.620931736
Malta,6.698844917
Oman,17.191602892
West Bank and Gaza,0.665297084
Qatar,55.336799963
Saudi Arabia,15.087498766
Syrian Arab Republic,3.421673064
Tunisia,2.357974494
"Yemen, Rep.",0.981421729
"Iran, Islamic Rep.",7.533279752
Iraq,3.194050322
Israel,9.340594762
Jordan,3.689815762
Kuwait,30.581263746
Lebanon,4.202060939
Libya,9.136624366
Morocco,1.687375568
Malta,6.252313871
Oman,14.479797201
West Bank and Gaza,0.570947494
Qatar,48.601619771
Saudi Arabia,15.639313316
Syrian Arab Republic,3.360814123
Tunisia,2.403507634
"Yemen, Rep.",0.989904581
"Iran, Islamic Rep.",7.59209277
Iraq,3.47996689
Israel,8.612962755
Jordan,3.70109721
Kuwait,29.721703792
Lebanon,5.001002214
Libya,10.037076802
Morocco,1.654806038
Malta,5.796405618
Oman,13.926797011
West Bank and Gaza,0.564577775
Qatar,44.836401448
Saudi Arabia,17.690225477
Syrian Arab Republic,3.012318451
Tunisia,2.374157343
"Yemen, Rep.",1.026251462
"Iran, Islamic Rep.",7.698029098
Iraq,3.610434779
Israel,9.036666273
Jordan,3.50324049
Kuwait,29.693433477
Lebanon,4.632411885
Libya,10.542695888
Morocco,1.742832779
Malta,6.316495701
Oman,19.122607004
West Bank and Gaza,0.534014834
Qatar,42.639076008
Saudi Arabia,18.977625969
Syrian Arab Republic,2.971741072
Tunisia,2.535619365
"Yemen, Rep.",1.090060254
"Iran, Islamic Rep.",7.802145093
Iraq,4.20163513
Israel,8.952413531
Jordan,3.601147064
Kuwait,28.102661753
Lebanon,4.668312508
Libya,6.204914344
Morocco,1.737915547
Malta,6.034321639
Oman,20.203894513
West Bank and Gaza,0.572406877
Qatar,44.018926367
Saudi Arabia,18.072450718
Syrian Arab Republic,2.736990943
Tunisia,2.402455639
"Yemen, Rep.",0.919967617
United States,20.207614759
United States,19.656193212
United States,19.639195771
United States,19.576239048
United States,19.68358135
United States,19.610275039
United States,19.116138824
United States,19.237460447
United States,18.489233752
United States,17.192379098
United States,17.484792183
United States,17.020216338
India,1.126420999
Sri Lanka,0.535978641
Maldives,1.743748252
Nepal,0.136237331
Pakistan,0.769974452
India,1.123105104
Sri Lanka,0.555600149
Maldives,1.971640411
Nepal,0.143089451
Pakistan,0.766430147
India,1.125301008
Sri Lanka,0.58432456
Maldives,2.321198653
Nepal,0.110532138
Pakistan,0.790758875
India,1.156575887
Sri Lanka,0.577792051
Maldives,1.9661875
Nepal,0.118699862
Pakistan,0.807428901
India,1.197178135
Sri Lanka,0.632833445
Maldives,2.491679487
Nepal,0.109872637
Pakistan,0.875777315
India,1.233151431
Sri Lanka,0.616020159
Maldives,2.181922118
Nepal,0.127088542
Pakistan,0.890970981
India,1.294535658
Sri Lanka,0.603103132
Maldives,2.664906907
Nepal,0.103210301
Pakistan,0.933241986
India,1.365786853
Sri Lanka,0.616503967
Maldives,2.626790831
Nepal,0.105098567
Pakistan,0.994536473
India,1.497886363
Sri Lanka,0.602955794
Maldives,2.78570442
Nepal,0.11450154
Pakistan,0.975314124
India,1.619048654
Sri Lanka,0.644280244
Maldives,2.964158333
Nepal,0.136102525
Pakistan,0.962548786
India,1.584869945
Sri Lanka,0.64824563
Maldives,2.927604905
Nepal,0.161137874
Pakistan,0.957357369
India,1.662873483
Sri Lanka,0.72992084
Maldives,2.927763926
Nepal,0.159474455
Pakistan,0.941171125
"Congo, Dem. Rep.",0.034266988
Kenya,0.335350781
Liberia,0.150891365
Lesotho,
Madagascar,0.119012988
Mali,0.074356251
Mozambique,0.073883946
Mauritania,0.432776762
Mauritius,2.267789393
Malawi,0.080919359
Namibia,0.865572541
Niger,0.070892901
Nigeria,0.644398134
Rwanda,0.065826007
Sudan,0.159133714
Senegal,0.399404376
Sierra Leone,0.104753135
Somalia,0.070009191
South Sudan,
Sao Tome and Principe,0.347547461
Seychelles,6.87017293
Chad,0.021096635
Togo,0.278331027
Tanzania,0.077996969
Uganda,0.064518456
South Africa,8.377511523
Zambia,0.172173937
Zimbabwe,1.110956009
"Congo, Dem. Rep.",0.033667364
Kenya,0.294043331
Liberia,0.167528353
Lesotho,
Madagascar,0.107283198
Mali,0.072849433
Mozambique,0.084102117
Mauritania,0.458948358
Mauritius,2.39401331
Malawi,0.078816818
Namibia,1.044456125
Niger,0.065199186
Nigeria,0.661436757
Rwanda,0.06383813
Sudan,0.178055693
Senegal,0.42801874
Sierra Leone,0.134682069
Somalia,0.066015178
South Sudan,
Sao Tome and Principe,0.366692142
Seychelles,7.812504618
Chad,0.019893465
Togo,0.232198805
Tanzania,0.089628512
Uganda,0.066062194
South Africa,8.077163732
Zambia,0.17556378
Zimbabwe,0.99675928
"Congo, Dem. Rep.",0.034963955
Kenya,0.243741462
Liberia,0.163605503
Lesotho,
Madagascar,0.073839439
Mali,0.072257594
Mozambique,0.082062866
Mauritania,0.469073434
Mauritius,2.395715333
Malawi,0.074965406
Namibia,0.899073375
Niger,0.067412604
Nigeria,0.759211412
Rwanda,0.06226879
Sudan,0.220598608
Senegal,0.437662912
Sierra Leone,0.137652827
Somalia,0.074959088
South Sudan,
Sao Tome and Principe,0.41004997
Seychelles,6.440250896
Chad,0.018738068
Togo,0.239597746
Tanzania,0.10012397
Uganda,0.065802909
South Africa,7.633688389
Zambia,0.176766866
Zimbabwe,0.940194845
"Congo, Dem. Rep.",0.035413647
Kenya,0.201323302
Liberia,0.170191171
Lesotho,
Madagascar,0.098664011
Mali,0.069767498
Mozambique,0.096236113
Mauritania,0.467206623
Mauritius,2.523504784
Malawi,0.079160407
Namibia,0.946128589
Niger,0.070256192
Nigeria,0.702497288
Rwanda,0.059945416
Sudan,0.239590405
Senegal,0.469656021
Sierra Leone,0.140440618
Somalia,0.073895549
South Sudan,
Sao Tome and Principe,0.45099312
Seychelles,6.643115942
Chad,0.040772689
Togo,0.276938269
Tanzania,0.103247503
Uganda,0.065178032
South Africa,8.255693196
Zambia,0.183895492
Zimbabwe,0.831911009
"Congo, Dem. Rep.",0.039360521
Kenya,0.221377912
Liberia,0.196900249
Lesotho,
Madagascar,0.101772992
Mali,0.070254352
Mozambique,0.093626327
Mauritania,0.501315548
Mauritius,2.53175545
Malawi,0.078614767
Namibia,0.979578029
Niger,0.074208996
Nigeria,0.713407232
Rwanda,0.059808657
Sudan,0.29215001
Senegal,0.481487398
Sierra Leone,0.131758412
Somalia,0.071997347
South Sudan,
Sao Tome and Principe,0.489808458
Seychelles,8.934145455
Chad,0.038896151
Togo,0.257366421
Tanzania,0.115030752
Uganda,0.068296243
South Africa,9.090418179
Zambia,0.181385486
Zimbabwe,0.766580809
"Congo, Dem. Rep.",0.044326022
Kenya,0.242225673
Liberia,0.226538985
Lesotho,0.736886788
Madagascar,0.095231683
Mali,0.069745223
Mozambique,0.086265298
Mauritania,0.503413825
Mauritius,2.683999401
Malawi,0.07191411
Namibia,1.139704177
Niger,0.061454594
Nigeria,0.749914332
Rwanda,0.058618397
Sudan,0.26709064
Senegal,0.519999035
Sierra Leone,0.107740841
Somalia,0.07016161
South Sudan,
Sao Tome and Principe,0.502833897
Seychelles,8.315995175
Chad,0.039700606
Togo,0.239943071
Tanzania,0.140895494
Uganda,0.081467347
South Africa,8.275123919
Zambia,0.1890804
Zimbabwe,0.825217888
"Congo, Dem. Rep.",0.045578872
Kenya,0.263863006
Liberia,0.224257889
Lesotho,0.74460882
Madagascar,0.089405156
Mali,0.070805643
Mozambique,0.091093604
Mauritania,0.496585807
Mauritius,2.94193012
Malawi,0.072711421
Namibia,1.133710499
Niger,0.05764269
Nigeria,0.687380144
Rwanda,0.057203516
Sudan,0.278837922
Senegal,0.413622745
Sierra Leone,0.139876038
Somalia,0.068384733
South Sudan,
Sao Tome and Principe,0.538631022
Seychelles,8.669030733
Chad,0.039049501
Togo,0.213027516
Tanzania,0.149737237
Uganda,0.091545632
South Africa,8.80247507
Zambia,0.179773645
Zimbabwe,0.78072138
"Congo, Dem. Rep.",0.047312274
Kenya,0.263921731
Liberia,0.192597983
Lesotho,0.753779806
Madagascar,0.093705131
Mali,0.073290823
Mozambique,0.10692857
Mauritania,0.55418962
Mauritius,2.97588958
Malawi,0.070632195
Namibia,1.15651357
Niger,0.056541084
Nigeria,0.647289878
Rwanda,0.058789064
Sudan,0.308883977
Senegal,0.448464475
Sierra Leone,0.119033972
Somalia,0.068326521
South Sudan,
Sao Tome and Principe,0.526920482
Seychelles,7.546775958
Chad,0.042863011
Togo,0.239676702
Tanzania,0.144041145
Uganda,0.104292991
South Africa,9.063325529
Zambia,0.150264753
Zimbabwe,0.731866885
"Congo, Dem. Rep.",0.048411373
Kenya,0.267801815
Liberia,0.156752837
Lesotho,1.056111113
Madagascar,0.099740761
Mali,0.075281844
Mozambique,0.101742097
Mauritania,0.567036613
Mauritius,3.029991456
Malawi,0.082545714
Namibia,1.691632521
Niger,0.060771767
Nigeria,0.613327639
Rwanda,0.055661387
Sudan,0.318940846
Senegal,0.444968124
Sierra Leone,0.120200375
Somalia,0.065850768
South Sudan,
Sao Tome and Principe,0.515547541
Seychelles,7.970272322
Chad,0.045756274
Togo,0.285947797
Tanzania,0.147981815
Uganda,0.101918826
South Africa,9.506481163
Zambia,0.164691753
Zimbabwe,0.569255428
"Congo, Dem. Rep.",0.045604097
Kenya,0.31450114
Liberia,0.138178275
Lesotho,1.06118278
Madagascar,0.092499326
Mali,0.078108539
Mozambique,0.108702094
Mauritania,0.608387039
Mauritius,2.963163435
Malawi,0.073703111
Namibia,1.478823448
Niger,0.073470122
Nigeria,0.462535787
Rwanda,0.057430655
Sudan,0.343430682
Senegal,0.464873613
Sierra Leone,0.115584129
Somalia,0.063880736
South Sudan,
Sao Tome and Principe,0.548308572
Seychelles,8.485119934
Chad,0.042689415
Togo,0.270613774
Tanzania,0.139972868
Uganda,0.105319919
South Africa,9.545494788
Zambia,0.184057876
Zimbabwe,0.600521157
"Congo, Dem. Rep.",0.049328064
Kenya,0.307975417
Liberia,0.202899199
Lesotho,1.123489371
Madagascar,0.098983365
Mali,0.081476607
Mozambique,0.118205418
Mauritania,0.595272317
Mauritius,3.132082534
Malawi,0.082179517
Namibia,1.449319237
Niger,0.083054495
Nigeria,0.534553664
Rwanda,0.05735438
Sudan,0.341750839
Senegal,0.638487724
Sierra Leone,0.12570608
Somalia,0.06391226
South Sudan,
Sao Tome and Principe,0.579406601
Seychelles,7.679581152
Chad,0.043462549
Togo,0.269107041
Tanzania,0.150058649
Uganda,0.108297319
South Africa,8.957153524
Zambia,0.192078658
Zimbabwe,0.646072745
"Congo, Dem. Rep.",0.050302688
Kenya,0.327569171
Liberia,0.218425012
Lesotho,1.082269608
Madagascar,0.112992805
Mali,0.079956379
Mozambique,0.131189805
Mauritania,0.627225464
Mauritius,3.127070817
Malawi,0.079231485
Namibia,1.239160489
Niger,0.083958178
Nigeria,0.53749756
Rwanda,0.062874197
Sudan,0.349548724
Senegal,0.58833415
Sierra Leone,0.152044168
Somalia,0.05870688
South Sudan,
Sao Tome and Principe,0.587909256
Seychelles,6.835706362
Chad,0.043830424
Togo,0.319443622
Tanzania,0.1549349
Uganda,0.110886576
South Africa,9.257216472
Zambia,0.212449645
Zimbabwe,0.691697897
